"","V1","V2"
"1",1.00846492797699,0.378236697363915
"2",1.17368235193286,0.7851614833628
"3",0.633757693240692,0.829638043411959
"4",0.774586011019745,-0.751937384592171
"5",0.609415734713746,-0.498134033192886
"6",0.59621190171281,0.770286243379519
"7",-0.833698110902454,0.558841525383472
"8",0.368852864932437,-0.845717096692365
"9",0.855820422651502,0.77833291104316
"10",1.0543699607625,-0.789279479994214
